genbank_id,sequence_id,organism,country,host,collection_date,sex,lat_lon,note
OQ304129,Z01B,Tetramesa,Zimbabwe,Androgpogon gayanus,2022,f,16.921 S 30.813 E,
OQ304130,Z01A,Tetramesa,Zimbabwe,Androgpogon gayanus,2022,f,16.921 S 30.813 E,
OQ304131,GFS_PHI_1028F,Tetramesa sp. 26,South Africa: Phinda,Eragrostis rigidior,,f,27.891 S 32.21 E,
OQ304132,GFS_PHI_1052F,Eurytomidae,South Africa: Phinda,Eragrostis rigidior,,f,27.891 S 32.21 E,
OQ304133,GFS_PHI_1201F,Eurytomidae,South Africa: Phinda,Eragrostis rigidior,,f,27.891 S 32.21 E,
OQ304134,KCP_2020_00194,Tetramesa sp. 24,"South Africa: Kombuisland farm, Marquard",Eragrostis capensis,2022,f,28.769 S 27.527 E,
OQ304135,KCP_2020_00245,Tetramesa sp. 5,"South Africa: Kombuisland farm, Marquard",Eragrostis curvula,2022,f,28.756 S 27.558 E,
OQ304136,KCP_2020_00247,Eurytomidae,South Africa,Phragmites mauritianus,2015,f, ,
OQ304137,LMY_2022_00008,Tetramesa sp. 1,South Africa: East London,Sporobolus sp.,,f,32.704 S 27.483 E,
OQ304138,LMY_2022_00090,Tetramesa sp. 1,South Africa: East London,Sporobolus sp.,,f,32.704 S 27.483 E,
OQ304139,LMY_2022_00098,Tetramesa sp. 1,South Africa: East London,Sporobolus sp.,,f,32.704 S 27.483 E,
OQ304140,LMY_2022_00108,Tetramesa sp. 1,South Africa: East London,Sporobolus sp.,,f,32.704 S 27.483 E,
OQ304141,LMY_2022_00139,Tetramesa sp. 1,South Africa: East London,Panicum maximum,,f,32.704 S 27.483 E,
OQ304142,LMY_2022_00152,Tetramesa sp. 1,South Africa: East London,Sporobolus sp.,,f,32.704 S 27.483 E,
OQ304143,LMY_2022_00177,Tetramesa sp. 1,South Africa: East London,Panicum maximum,,f,32.704 S 27.483 E,
OQ304144,LMY_2021_00289,Tetramesa sp. 5,South Africa,Eragrostis curvula,,,30.347 S 24.563 E,
OQ304145,LMY_2021_00231,Tetramesa sp. 5,South Africa,Eragrostis curvula,,,30.347 S 24.563 E,
OQ304146,LMY_2021_00220,Tetramesa sp. 4,South Africa,Eragrostis curvula,,,30.347 S 24.563 E,
OQ304147,LMY_2021_00197,Tetramesa sp. 4,South Africa,Eragrostis curvula,,,30.347 S 24.563 E,
OQ304148,GFS_PHI_1007,Tetramesa sp. 26,South Africa: Phinda,Eragrostis rigidior,,f,27.891 S 32.21 E,
OQ304149,GFS_PHI_1027_1,Tetramesa sp. 1,South Africa: Phinda,Sporobolus pyramidalis,2021,,27.891 S 32.21 E,
OQ304150,GFS_PHI_1027_2,Tetramesa sp. 1,South Africa: Phinda,Sporobolus pyramidalis,2021,,27.891 S 32.21 E,
OQ304151,GFS_PHI_1078F,Eurytomidae,South Africa: Phinda,Eragrostis rigidior,,f,27.891 S 32.21 E,
OQ304152,GFS_PHI_1080F,Tetramesa sp. 26,South Africa: Phinda,Eragrostis rigidior,,f,27.891 S 32.21 E,
OQ304153,GFS_PHI_1096M,Tetramesa sp. 2,South Africa: Phinda,Sporobolus pyramidalis,2021,m,27.891 S 32.21 E,
OQ304154,GFS_PHI_1101F,Tetramesa sp. 1,South Africa: Phinda,Sporobolus pyramidalis,2021,f,27.891 S 32.21 E,
OQ304155,GFS_PHI_1101M,Tetramesa sp. 1,South Africa: Phinda,Sporobolus pyramidalis,2021,m,27.891 S 32.21 E,
OQ304156,GFS_PHI_1132M,Tetramesa sp. 26,South Africa: Phinda,Eragrostis rigidior,,m,27.891 S 32.21 E,
OQ304157,GFS_PHI_1132,Tetramesa sp. 26,South Africa: Phinda,Eragrostis rigidior,,f,27.891 S 32.21 E,
OQ304158,GFS_PHI_1164F,Eurytomidae,South Africa: Phinda,Eragrostis rigidior,,f,27.891 S 32.21 E,
OQ304159,GFS_PHI_1189F,Tetramesa sp. 18,South Africa: Phinda,Eragrostis gummiflua,,f,27.891 S 32.21 E,
OQ304160,GFS_PHI_1189M,Tetramesa sp. 18,South Africa: Phinda,Eragrostis gummiflua,,m,27.891 S 32.21 E,
OQ304161,GFS_PHI_1190F,Tetramesa sp. 2,South Africa: Phinda,Sporobolus pyramidalis,2021,f,27.891 S 32.21 E,
OQ304162,GFS_PHI_1196F,Tetramesa sp. 10,South Africa: Hluhluwe Mine,Eragrostis trichophora,,f,28.033 S 32.283 E,
OQ304163,GFS_PHI_1196M,Tetramesa sp. 11,South Africa: Hluhluwe Mine,Eragrostis trichophora,,m,28.033 S 32.283 E,
OQ304164,GFS_PHI_1205F,Tetramesa sp. 26,South Africa: Phinda,Eragrostis rigidior,,f,27.891 S 32.21 E,
OQ304165,GFS_PHI_1232F,Tetramesa sp. 26,South Africa: Phinda,Eragrostis rigidior,,f,27.891 S 32.21 E,
OQ304166,GFS_PHI_1238M,Tetramesa sp. 11,South Africa: Hluhluwe Mine,Eragrostis trichophora,,m,28.033 S 32.283 E,
OQ304167,GFS_PHI_1416F,Tetramesa sp. 26,South Africa: Phinda,Eragrostis rigidior,,f,27.891 S 32.21 E,
OQ304168,GFS_PHI_1419F,Tetramesa sp. 18,South Africa: Phinda,Eragrostis gummiflua,,f,27.891 S 32.21 E,
OQ304169,GFS_PHI_1436_3,Tetramesa sp. 2,South Africa: Phinda,Sporobolus pyramidalis,2021,,27.891 S 32.21 E,
OQ304170,GFS_PHI_1447,Tetramesa sp. 18,South Africa: Phinda,Eragrostis gummiflua,,m,27.891 S 32.21 E,
OQ304171,GFS_PHI_1447M,Tetramesa sp. 18,South Africa: Phinda,Eragrostis gummiflua,,m,27.891 S 32.21 E,
OQ304172,KCP_2020_00175,Tetramesa sp. 20,"South Africa: Kombuisland farm, Marquard",Eragrostis plana,2022,m,28.769 S 27.527 E,
OQ304173,KCP_2020_00177,Tetramesa sp. 23,"South Africa: Kombuisland farm, Marquard",Eragrostis biflora,2022,m,28.769 S 27.527 E,
OQ304174,KCP_2020_00184,Tetramesa sp. 18,"South Africa: Kombuisland farm, Marquard",Eragrostis gummiflua,,f,28.756 S 27.558 E,
OQ304175,KCP_2020_00185,Tetramesa sp. 18,"South Africa: Kombuisland farm, Marquard",Eragrostis gummiflua,2022,f,28.769 S 27.527 E,
OQ304176,KCP_2020_00186,Tetramesa sp. 18,"South Africa: Kombuisland farm, Marquard",Eragrostis gummiflua,2022,f,28.769 S 27.527 E,
OQ304177,KCP_2020_00199,Tetramesa sp. 25,"South Africa: Kombuisland farm, Marquard",Eragrostis plana,2022,f,28.769 S 27.527 E,
OQ304178,KCP_2020_00201,Tetramesa sp. 25,"South Africa: Kombuisland farm, Marquard",Eragrostis plana,2022,f,28.769 S 27.527 E,
OQ304179,KCP_2020_00207,Tetramesa sp. 25,"South Africa: Kombuisland farm, Marquard",Eragrostis plana,,f,28.756 S 27.558 E,
OQ304180,KCP_2020_00213,Tetramesa sp. 20,"South Africa: Kombuisland farm, Marquard",Eragrostis plana,2022,f,28.769 S 27.527 E,
OQ304181,KCP_2020_00217,Tetramesa sp. 23,"South Africa: Kombuisland farm, Marquard",Eragrostis biflora,2022,m,28.769 S 27.527 E,
OQ304182,KCP_2020_00224,Tetramesa sp. 20,"South Africa: Kombuisland farm, Marquard",Eragrostis plana,2022,f,28.769 S 27.527 E,
OQ304183,KCP_2020_00225,Tetramesa sp. 20,"South Africa: Kombuisland farm, Marquard",Eragrostis plana,,f,28.756 S 27.558 E,
OQ304184,KCP_2020_00233,Tetramesa sp. 20,"South Africa: Kombuisland farm, Marquard",Eragrostis plana,2022,m,28.756 S 27.558 E,
OQ304185,KCP_2020_00238,Tetramesa sp. 4,"South Africa: Kombuisland farm, Marquard",Eragrostis curvula,2022,m,28.756 S 27.558 E,
OQ304186,KCP_2020_00239,Tetramesa sp. 24,"South Africa: Kombuisland farm, Marquard",Eragrostis capensis,2022,f,28.756 S 27.558 E,
OQ304187,KCP_2020_00241,Tetramesa sp. 18,"South Africa: Kombuisland farm, Marquard",Eragrostis gummiflua,2022,m,28.756 S 27.558 E,
OQ304188,KCP_2020_00242,Tetramesa sp. 5,"South Africa: Kombuisland farm, Marquard",Eragrostis curvula,2022,f,28.756 S 27.558 E,
OQ304189,KCP_2020_00243,Tetramesa sp. 18,"South Africa: Kombuisland farm, Marquard",Eragrostis gummiflua,2022,f,28.756 S 27.558 E,
OQ304190,KCP_2020_00244,Tetramesa sp. 5,"South Africa: Kombuisland farm, Marquard",Eragrostis curvula,2022,f,28.756 S 27.558 E,
OQ304191,LMY_2021_00110,Tetramesa sp. 5,South Africa: Mpumalanga,Eragrostis curvula,2022,m,25.608 S 31.1 E,
OQ304192,LMY_2021_00117,Tetramesa sp. 4,South Africa: Mpumalanga,Eragrostis curvula,2022,,25.608 S 31.1 E,
OQ304193,LMY_2021_00125,Tetramesa sp. 5,South Africa: Mpumalanga,Eragrostis curvula,2022,f,25.608 S 31.1 E,
OQ304194,LMY_2021_00251,Tetramesa sp. 11,South Africa: Mpumalanga,Eragrostis trichophora,2022,m,25.046 S 31.099 E,
OQ304195,LMY_2021_00287,Tetramesa sp.5,South Africa: Mpumalanga,Eragrostis curvula,2022,f,25.608 S 31.1 E,
OQ304196,LMY_2021_00300,Tetramesa sp. 5,South Africa: Mpumalanga,Eragrostis curvula,2022,f,25.608 S 31.1 E,
OQ304197,LMY_2021_00308,Tetramesa sp. 4,South Africa: Mpumalanga,Eragrostis curvula,2022,f,25.608 S 31.1 E,
OQ304198,CVS0002,Tetramesa sp. 1,South Africa: Phinda,Sporobolus pyramidalis,2022,,27.891 S 32.21 E,
OQ304199,GFS_PHI_1040F,Tetramesa sp. 2,South Africa: Phinda,Sporobolus pyramidalis,2021,,27.891 S 32.21 E,
OQ304200,GFS_PHI_1096F,Tetramesa sp. 2,South Africa: Phinda,Sporobolus pyramidalis,2021,,27.891 S 32.21 E,
OQ304201,GFS_PHI_1200F,Tetramesa sp. 2,South Africa: Phinda,Sporobolus pyramidalis,2021,,27.891 S 32.21 E,
OQ304202,GFS_2021_00749,Tetramesa sp. 11,"South Africa: Mkuze GR turn-off, Mkuze",Eragrostis trichophora,2021,m,27.622 S 32.025 E,
OQ304203,GFS_2021_00750,Eurytomidae,"South Africa: Mkuze Bus stop, Mkuze",Eragrostis trichophora,2021,f,27.622 S 32.025 E,
OQ304204,GFS_2021_00751,Tetramesa sp. 9,"South Africa: Khuleni Powerlines, Hluhluwe",Cynodon dactylon,2021,f,28.033 S 32.283 E,
OQ304205,GFS_2021_00762,Tetramesa sp. 8,"South Africa: Khuleni Powerlines, Hluhluwe",Cynodon dactylon,2021,m,28.033 S 32.283 E,
OQ304206,GFS_2021_00770,Tetramesa sp. 11,"South Africa: Mkuze GR turn-off, Mkuze",Eragrostis trichophora,2021,f,27.622 S 32.025 E,
OQ304207,GFS_2019_00019,Tetramesa sp. 4,"South Africa: Burnt Kraal, GHT",Eragrostis curvula,2019,,33.282 S 26.486 E,
OQ304208,GFS_2019_00030,Tetramesa sp. 5,"South Africa: Baakens River, Targetkloof, PE",Eragrostis curvula,2019,,33.969 S 25.592 E,
OQ304209,GFS_2019_00035,Tetramesa sp. 4,"South Africa: Baakens River, Targetkloof, PE",Eragrostis curvula,2019,,33.969 S 25.592 E,
OQ304210,GFS_2019_00039,Tetramesa sp. 4,"South Africa: Burnt Kraal, GHT",Eragrostis curvula,2019,,33.282 S 26.486 E,
OQ304211,GFS_2019_00041,Tetramesa sp. 4,"South Africa: Burnt Kraal, GHT",Eragrostis curvula,2019,,33.282 S 26.486 E,
OQ304212,GFS_2019_00043,Tetramesa sp. 5,"South Africa: Glen Muir, EL",Eragrostis curvula,2019,,32.877 S 28.095 E,
OQ304213,GFS_2019_00063,Tetramesa sp. 5,"South Africa: Burnt Kraal, GHT",Eragrostis curvula,2019,,33.282 S 26.486 E,
OQ304214,GFS_2019_00069,Tetramesa sp. 4,"South Africa: Burnt Kraal, GHT",Eragrostis curvula,2019,,33.282 S 26.486 E,
OQ304215,GFS_2019_00079,Tetramesa sp. 4,"South Africa: Burnt Kraal, GHT",Eragrostis curvula,2019,,33.282 S 26.486 E,
OQ304216,GFS_2020_00015,Tetramesa sp. 4,"South Africa: Baakens River, Targetkloof, PE",Eragrostis curvula,2020,,33.969 S 25.592 E,
OQ304217,GFS_2020_0003,Tetramesa sp. 4,"South Africa: Baakens River, Targetkloof, PE",Eragrostis curvula,2020,,33.969 S 25.592 E,
OQ304218,GFS_2020_00053,Tetramesa sp. 1,"South Africa: Valhalla, EL",Sporobolus pyramidalis,2020,,32.872 S 28.084 E,
OQ304219,GFS_2020_00054,Eurytomidae,"South Africa: Baakens River, Targetkloof, PE",Eragrostis curvula,2020,,33.969 S 25.592 E,
OQ304220,GFS_2020_00055,Tetramesa sp. 4,"South Africa: Baakens River, Targetkloof, PE",Eragrostis curvula,2020,,33.969 S 25.592 E,
OQ304221,GFS_2020_00079,Tetramesa sp. 5,"South Africa: Baakens River, Targetkloof, PE",Eragrostis curvula,2020,,33.969 S 25.592 E,
OQ304222,GFS_2020_00083,Tetramesa sp. 5,"South Africa: Baakens River, Targetkloof, PE",Eragrostis curvula,2020,,33.969 S 25.592 E,
OQ304223,GFS_2020_00085,Tetramesa sp. 5,"South Africa: Baakens River, Targetkloof, PE",Eragrostis curvula,2020,m,33.969 S 25.592 E,
OQ304224,GFS_2020_00086,Tetramesa sp. 4,"South Africa: Glen Muir, EL",Eragrostis curvula,2020,f,32.877 S 28.095 E,
OQ304225,GFS_2020_00091,Tetramesa sp. 4,"South Africa: Baakens River, Targetkloof, PE",Eragrostis curvula,2020,f,33.969 S 25.592 E,
OQ304226,GFS_2020_00102,Tetramesa sp. 4,"South Africa: Glen Muir, EL",Eragrostis curvula,2020,,32.877 S 28.095 E,
OQ304227,GFS_2020_00111,Tetramesa sp. 5,"South Africa: Baakens River, Targetkloof, PE",Eragrostis curvula,2020,f,33.969 S 25.592 E,
OQ304228,GFS_2020_00116,Tetramesa sp. 1,"South Africa: Valhalla, EL",Sporobolus pyramidalis,2020,f,32.872 S 28.084 E,
OQ304229,GFS_2020_00120,Tetramesa sp. 5,"South Africa: Baakens River, Targetkloof, PE",Eragrostis curvula,2020,f,33.969 S 25.592 E,
OQ304230,GFS_2020_00130,Tetramesa sp. 4,"South Africa: Baakens River, Targetkloof, PE",Eragrostis curvula,2020,f,33.969 S 25.592 E,
OQ304231,GFS_2020_00132,Tetramesa sp. 5,"South Africa: Baakens River, Targetkloof, PE",Eragrostis curvula,2020,,33.969 S 25.592 E,
OQ304232,GFS_2020_00152,Tetramesa sp. 1,"South Africa: Valhalla, EL",Sporobolus pyramidalis,2020,m,32.872 S 28.084 E,
OQ304233,GFS_2020_00155,Tetramesa sp. 4,"South Africa: Baakens River, Targetkloof, PE",Eragrostis curvula,2020,,33.969 S 25.592 E,
OQ304234,GFS_2020_00184,Tetramesa sp. 4,"South Africa: Baakens River, Targetkloof, PE",Eragrostis curvula,2020,,33.969 S 25.592 E,
OQ304235,GFS_2020_00196,Tetramesa sp. 5,"South Africa: Glen Muir, EL",Eragrostis curvula,2020,,32.877 S 28.095 E,
OQ304236,GFS_2020_00233,Tetramesa sp. 4,"South Africa: Glen Muir, EL",Eragrostis curvula,2020,,32.877 S 28.095 E,
OQ304237,GFS_2020_00492,Tetramesa sp. 4,South Africa: Mondplaas,Eragrostis curvula,2020,f,33.963 S 24.954 E,
OQ304238,GFS_2020_00528,Tetramesa sp. 7,South Africa: Mondplaas,Hyparrhenia hirta,2020,,33.963 S 24.954 E,
OQ304239,GFS_2020_00554,Tetramesa sp. 4,South Africa: Mondplaas,Eragrostis curvula,2020,m,33.963 S 24.954 E,
OQ304240,GFS_2020_00555,Tetramesa sp. 7,South Africa: Mondplaas,Hyparrhenia hirta,2020,,33.963 S 24.954 E,
OQ304241,GFS_2020_00562,Tetramesa sp. 5,South Africa: Mondplaas,Eragrostis curvula,2020,,33.963 S 24.954 E,
OQ304242,GFS_2020_00563,Tetramesa sp. 7,South Africa: Mondplaas,Hyparrhenia hirta,2020,,33.963 S 24.954 E,
OQ304243,GFS_2020_00574,Tetramesa sp. 7,South Africa: Mondplaas,Hyparrhenia hirta,2020,,33.963 S 24.954 E,
OQ304244,GFS_2020_00576,Tetramesa sp. 7,South Africa: Mondplaas,Hyparrhenia hirta,2020,,33.963 S 24.954 E,
OQ304245,GFS_2020_00595,Tetramesa sp. 5,South Africa: Mondplaas,Eragrostis curvula,2020,m,33.963 S 24.954 E,
OQ304246,GFS_2020_00606,Tetramesa sp. 5,South Africa: Mondplaas,Eragrostis curvula,2020,,33.963 S 24.954 E,
OQ304247,GFS_2020_00614,Tetramesa sp. 4,"South Africa: Baakens River, Targetkloof, PE",Eragrostis curvula,2020,,33.969 S 25.592 E,
OQ304248,GFS_2020_00626,Tetramesa sp. 7,South Africa: Mondplaas,Hyparrhenia hirta,2020,,33.963 S 24.954 E,
OQ304249,GFS_2020_00638,Tetramesa sp. 5,"South Africa: Glen Muir, EL",Eragrostis curvula,2020,,32.877 S 28.095 E,
OQ304250,GFS_2020_00645,Tetramesa sp. 7,South Africa: Mondplaas,Hyparrhenia hirta,2020,,33.963 S 24.954 E,
OQ304251,GFS_2020_00667,Tetramesa sp. 4,South Africa: Mondplaas,Eragrostis curvula,2020,,33.963 S 24.954 E,
OQ304252,GFS_2020_00670,Tetramesa sp. 7,South Africa: Mondplaas,Hyparrhenia hirta,2020,,33.963 S 24.954 E,
OQ304253,GFS_2020_00680,Tetramesa sp. 4,South Africa: Mondplaas,Eragrostis curvula,2020,f,33.963 S 24.954 E,
OQ304254,GFS_2020_00702,Tetramesa sp. 7,South Africa: Mondplaas,Hyparrhenia hirta,2020,,33.963 S 24.954 E,
OQ304255,GFS_2020_00720,Tetramesa sp. 7,South Africa: Mondplaas,Hyparrhenia hirta,2020,,33.963 S 24.954 E,
OQ304256,GFS_2020_00043,Tetramesa sp. 1,"South Africa: Valhalla, EL",Sporobolus pyramidalis,2020,,32.872 S 28.084 E,
OQ304257,GFS_2020_00087,Tetramesa sp. 4,"South Africa: Baakens River, Targetkloof, PE",Eragrostis curvula,2020,,33.969 S 25.592 E,
OQ304258,GFS_2021_00245,Tetramesa sp. 4 ,"South Africa: Coombs Valley, GHT",Eragrostis curvula,2021,,33.28 S 26.799 E,pupa
OQ304259,GFS_2021_00255,Tetramesa sp. 5,"South Africa: Coombs Valley, GHT",Eragrostis curvula,2021,,33.28 S 26.799 E,larva
OQ304260,GFS_2021_00307,Tetramesa sp. 5,"South Africa: Coombs Valley, GHT",Eragrostis curvula,2021,,33.28 S 26.799 E,larva
OQ304261,GFS_2021_00329,Tetramesa sp. 1,"South Africa: Drummond, Durban",Sporobolus pyramidalis,2021,m,29.762 S 30.692 E,
OQ304262,GFS_2021_00334,Tetramesa sp. 5,"South Africa: Coombs Valley, GHT",Eragrostis curvula,2021,,33.28 S 26.799 E,larva
OQ304263,GFS_2021_00354,Tetramesa sp. 4,"South Africa: Coombs Valley, GHT",Eragrostis curvula,2021,m,33.28 S 26.799 E,
OQ304264,GFS_2021_00373,Tetramesa sp. 4,"South Africa: Coombs Valley, GHT",Eragrostis curvula,2021,,33.28 S 26.799 E,larva
OQ304265,GFS_2021_00374,Tetramesa sp. 5,"South Africa: Coombs Valley, GHT",Eragrostis curvula,2021,f,33.28 S 26.799 E,
OQ304266,GFS_2021_00411,Tetramesa sp. 5,"South Africa: Coombs Valley, GHT",Eragrostis curvula,2021,,33.28 S 26.799 E,larva
OQ304267,GFS_2021_00726,Tetramesa sp. 11,"South Africa: Mkuze GR turn-off, Mkuze",Eragrostis trichophora,2021,f,27.622 S 32.025 E,
OQ304268,GFS_2021_00730,Tetramesa sp. 10,"South Africa: Mkuze GR turn-off, Mkuze",Eragrostis trichophora,2021,f,27.622 S 32.025 E,
OQ304269,GFS_2021_00745,Tetramesa sp. 10,"South Africa: Mkuze GR turn-off, Mkuze",Eragrostis trichophora,2021,f,27.622 S 32.025 E,
OQ304270,GFS_2021_00746,Tetramesa sp. 14,"South Africa: Khuleni Powerlines, Hluhluwe",Eragrostis superba,2021,f,28.033 S 32.283 E,
OQ304271,GFS_2021_00773,Tetramesa sp. 10,"South Africa: Khuleni Powerlines, Hluhluwe",Eragrostis trichophora,2021,f,28.033 S 32.283 E,
OQ304272,GFS_2021_00786,Tetramesa sp. 14,"South Africa: Khuleni Powerlines, Hluhluwe",Eragrostis superba,2021,f,28.033 S 32.283 E,
OQ304273,GFS_2021_00805,Tetramesa sp. 8,"South Africa: Khuleni Powerlines, Hluhluwe",Cynodon dactylon,2021,m,28.033 S 32.283 E,
OQ304274,GFS_2021_00806,Tetramesa sp. 11,"South Africa: Mkuze GR turn-off, Mkuze",Eragrostis trichophora,2021,m,27.622 S 32.025 E,
OQ304275,GFS_2021_00810,Tetramesa sp. 10,"South Africa: Mkuze GR turn-off, Mkuze",Eragrostis trichophora,2021,f,27.622 S 32.025 E,
OQ304276,GFS_2021_00826,Tetramesa sp. 14,"South Africa: Khuleni Powerlines, Hluhluwe",Eragrostis superba,2021,f,28.033 S 32.283 E,
OQ304277,GFS_2021_00846,Tetramesa sp. 10,"South Africa: Mkuze GR turn-off, Mkuze",Eragrostis trichophora,2021,f,27.622 S 32.025 E,
OQ304278,GFS_2021_00853,Tetramesa sp. 14,"South Africa: Khuleni Powerlines, Hluhluwe",Eragrostis superba,2021,f,28.033 S 32.283 E,
OQ304279,GFS_2021_00883,Tetramesa sp. 10,"South Africa: Mkuze GR turn-off, Mkuze",Eragrostis trichophora,2021,m,27.622 S 32.025 E,
OQ304280,GFS_2021_00886,Tetramesa sp. 9,"South Africa: Khuleni Powerlines, Hluhluwe",Cynodon dactylon,2021,f,28.033 S 32.283 E,
OQ304281,GFS_2021_00887,Tetramesa sp. 13,"South Africa: Khuleni Powerlines, Hluhluwe",Eragrostis superba,2021,f,28.033 S 32.283 E,
OQ304282,GFS_2021_00894,Tetramesa sp. 9,"South Africa: Khuleni Powerlines, Hluhluwe",Cynodon dactylon,2021,m,28.033 S 32.283 E,
OQ304283,GFS_2021_00901,Tetramesa sp. 12,"South Africa: Drummond, Durban",Eustachys paspaloides,2021,f,29.762 S 30.692 E,
OQ304284,GFS_2021_00902,Tetramesa sp. 10,"South Africa: Mkuze GR turn-off, Mkuze",Eragrostis trichophora,2021,m,27.622 S 32.025 E,
OQ304285,GFS_2021_00918,Tetramesa sp. 10,"South Africa: Mkuze Bus stop, Mkuze",Eragrostis trichophora,2021,f,27.622 S 32.025 E,
OQ304286,KCP_2011_00169,Tetramesa romana,South Africa: Bethlehem area,Arundo donax,2021,,28.432 S 28.013 E,
OQ304287,KCP_2011_00173,Tetramesa romana,South Africa: Bethlehem area,Arundo donax,2021,,28.401 S 27.253 E,
OQ304288,KCP_2012_00170,Tetramesa romana,South Africa: Bethlehem area,Arundo donax,2022,,28.511 S 27.302 E,
OQ304289,KCP_2012_00172,Tetramesa romana,South Africa: Bethlehem area,Arundo donax,2022,,28.421 S 27.264 E,
OQ304290,KCP_2020_00012,Tetramesa sp. 4,South Africa: Rietspruit area,Eragrostis curvula,2020,f,28.452 S 27.333 E,
OQ304291,KCP_2020_00019,Tetramesa sp. 4,South Africa: Rietspruit area,Eragrostis curvula,2020,f,28.395 S 27.262 E,
OQ304292,KCP_2020_00032,Tetramesa sp. 4,South Africa: Rietspruit area,Eragrostis curvula,2020,m,28.395 S 27.262 E,
OQ304293,KCP_2020_00033,Tetramesa sp. 5,South Africa: Rietspruit area,Eragrostis curvula,2020,f,28.395 S 27.262 E,
OQ304294,KCP_2020_00036,Tetramesa sp. 4,South Africa: Rietspruit area,Eragrostis curvula,2020,f,28.452 S 27.332 E,
OQ304295,KCP_2020_00037,Tetramesa sp 5,South Africa: Rietspruit area,Eragrostis curvula,2020,m,28.452 S 27.333 E,
OQ304296,KCP_2020_00039,Tetramesa sp. 5,South Africa: Rietspruit area,Eragrostis curvula,2020,m,28.452 S 27.333 E,
OQ304297,KCP_2020_00040,Tetramesa sp. 20,South Africa: Rietspruit area,Eragrostis plana,2020,m,28.451 S 27.335 E,
OQ304298,KCP_2020_00041,Tetramesa sp. 5,South Africa: Rietspruit area,Eragrostis curvula,2020,m,28.452 S 27.333 E,
OQ304299,KCP_2020_00044,Tetramesa sp. 4,South Africa: Rietspruit area,Eragrostis curvula,2020,f,28.452 S 27.332 E,
OQ304300,KCP_2020_00045,Tetramesa sp. 4,South Africa: Rietspruit area,Eragrostis curvula,2020,m,28.452 S 27.332 E,
OQ304301,KCP_2020_00047,Tetramesa sp. 20,South Africa: Rietspruit area,Eragrostis plana,2020,m,28.451 S 27.335 E,
OQ304302,KCP_2020_00048,Tetramesa sp. 4,South Africa: Rietspruit area,Eragrostis curvula,2020,m,28.452 S 27.333 E,
OQ304303,KCP_2020_00052,Tetramesa sp. 4,South Africa: Rietspruit area,Eragrostis curvula,2020,f,28.452 S 27.332 E,
OQ304304,KCP_2020_00054,Tetramesa sp. 20,South Africa: Rietspruit area,Eragrostis plana,2020,f,28.451 S 27.335 E,
OQ304305,KCP_2020_00055,Tetramesa sp. 4,South Africa: Rietspruit area,Eragrostis curvula,2020,f,28.395 S 27.262 E,
OQ304306,KCP_2020_00056,Tetramesa sp. 20,South Africa: Rietspruit area,Eragrostis plana,2020,m,28.451 S 27.335 E,
OQ304307,KCP_2020_00061,Tetramesa sp. 4,South Africa: Rietspruit area,Eragrostis curvula,2020,f,28.395 S 27.262 E,
OQ304308,KCP_2020_00062,Tetramesa sp. 4,South Africa: Rietspruit area,Eragrostis curvula,2020,f,28.452 S 27.333 E,
OQ304309,KCP_2020_00063,Tetramesa sp. 20,South Africa: Rietspruit area,Eragrostis plana,2020,m,28.451 S 27.335 E,
OQ304310,KCP_2020_00075,Tetramesa sp. 16,South Africa: Rietspruit area,Eragrostis tef,2021,f,28.434 S 27.354 E,
OQ304311,KCP_2020_00076,Tetramesa sp. 16,South Africa: Rietspruit area,Eragrostis tef,2021,f,28.434 S 27.354 E,
OQ304312,KCP_2020_00077,Tetramesa sp. 16,South Africa: Rietspruit area,Eragrostis tef,2021,m,28.434 S 27.354 E,
OQ304313,KCP_2020_00079,Tetramesa sp. 16,South Africa: Rietspruit area,Eragrostis tef,2021,f,28.434 S 27.354 E,
OQ304314,KCP_2020_00085,Tetramesa sp. 18,South Africa: Rietspruit area,Eragrostis gummiflua,2021,m,28.442 S 27.362 E,
OQ304315,KCP_2020_00089,Tetramesa sp. 18,South Africa: Rietspruit area,Eragrostis gummiflua,2021,f,28.442 S 27.362 E,
OQ304316,KCP_2020_00090,Tetramesa sp. 18,South Africa: Rietspruit area,Eragrostis gummiflua,2021,f,28.442 S 27.362 E,
OQ304317,KCP_2020_00092,Tetramesa sp. 17,South Africa: Rietspruit area,Eragrostis gummiflua,2021,f,28.442 S 27.362 E,
OQ304318,KCP_2020_00096,Tetramesa sp. 19,South Africa: Rietspruit area,Eragrostis lehmanniana,2021,f,28.442 S 27.362 E,
OQ304319,KCP_2020_00140,Tetramesa sp. 18,South Africa: Rietspruit area,Eragrostis gummiflua,2021,m,28.442 S 27.362 E,
OQ304320,SPY_KZN_060,Tetramesa sp. 1,South Africa: Mkuze,Sporobolus pyramidalis,2017,,27.622 S 32.025 E,
OQ304321,SPY_KZN_064,Tetramesa sp. 1,"South Africa: Westwood Mall, Durban",Sporobolus pyramidalis,2017,,29.829 S 30.959 E,
OQ304322,SPY_KZN_071,Tetramesa sp. 2,South Africa: Mkuze,Sporobolus pyramidalis,2017,,27.622 S 32.025 E,
OQ304323,SPY_KZN_058,Tetramesa sp. 2,South Africa: Mkuze,Sporobolus pyramidalis,,,27.622 S 32.025 E,
OQ304324,SPY_KZN_062,Tetramesa sp. 2,"South Africa: Westwood Mall, Durban",Sporobolus pyramidalis,2018,,29.829 S 30.959 E,
OQ304325,SPY_KZN_068,Tetramesa sp. 1,"South Africa: Westwood Mall, Durban",Sporobolus pyramidalis,2017,,29.829 S 30.959 E,
OQ304326,SPY_LMP_032,Tetramesa sp. 1,South Africa: Nylsvlei,Sporobolus pyramidalis,2017,,24.576 S 28.643 E,
OQ304327,SPY_MPA_095,Eurytomidae,"South Africa: Imvelo Forest, White River",Sporobolus pyramidalis,2017,,25.217 S 30.997 E,
AY317170,AY317170,Bruchophagus ononis,"China: Fanjing Mt.,Guizhou",,,,,
AY317164,AY317164,Bruchophagus sp1,China: Riwoqê Tibet,,,,,
AY317169,AY317169,Bruchophagus sp2,Guyana: Rupununi district: Kurupukari,,,,,
AY317155,AY317155,Bruchophagus gibbus,"China: Dayao Mt., Guangxi",,,,,
AY317163,AY317163,Eurytoma orchidearum,"China: Kangding, Sichuan",,,,,
AY317178,AY317178,Eurytoma verticillata,"China: Baoxing, Sichuan",,,,,
AY317166,AY317166,Eurytoma sp. 2,"China: Riwoqê, Tibet",,,,,
AY317162,AY317162,Eurytoma sp. 3,"China: Tianmu Mt., Zhejiang",,,,,
AY317168,AY317168,Isosomodes gigantenus,Guyana: Mazaruni-Potaro district: Amatuk fall,,,,,
AY317176,AY317176,Phylloxeroxenus phylloxerae,"Indonesia: East of Kalimantan, Kutai",,,,,
AY317179,AY317179,Plutarchia indefensa,"China: Dayao Mt., Guangxi",,,,,
AY317181,AY317181,Sycophila concinna,"China: Napo, Guangxi",,,,,
AY317167,AY317167,,"China: Fanjing Mt., Guizhou",,,,,
AY317159,AY317159,Sycophila taprobanica,"China: Fanjing Mt., Guizhou",,,,,
AY317158,AY317158,Sycophila sp. 1,"China: Xinhe, Xinjiang",,,,,
AY317157,AY317157,Sycophila variegata,"China: Napo, Guangxi",,,,,
AY317174,AY317174,Tenuipetiolus medicaginis,"Indonesia: East of Kalimantan, Kutai",,,,,
AY317180,AY317180,Tetramesa bambusae,"China: Liuba, Shaanxi",,,,,
AY317156,AY317156,Neorileya meridionalis,Guyana: Mazaruni-Potaro District: Kaieteur fall,,,,,
AY317161,AY317161,Megastigmus dorsalis,"China: Fanjing Mt.,Guizhou",,,,,
AY317165,AY317165,Monodontomerus minor,"China: Fanjing Mt.,Guizhou",,,,,
AY317177,AY317177,Brachymeria lasus,"China: Fanjing Mt.,Guizhou",,,,,
AY317172,AY317172,Aiolomorphus rhopaloides,"China: Fanjing Mt.,Guizhou",,,,,
AY317173,AY317173,Bephratelloides cubensis,"Indonesia: East of Kalimantan, Kutai",,,,,
AY317160,AY317160,Bruchophagus sp. 3,China: Oamdo Tibet,,,,,
AY317171,AY317171,Eurytoma manilensis,China: Beijing,,,,,
AY317175,AY317175,Eurytoma sp. 1,"China: Fanjing Mt.,Guizhou",,,,,
AY599281,AY599281,Tetramesa,USA: MD: Wicomico Co.,,,,,
DQ080114,DQ080114,Tetramesa,Germany (?),,,,,
JN623677,JN623677,Tetramesa,"USA: MD: Prince Georges Co.
",,,,,
